areaCode,areaName,areaType,date,cumCasesByPublishDate,cumCasesBySpecimenDate,newCasesByPublishDate,newCasesBySpecimenDate
N92000002,Northern Ireland,nation,2022-01-03,402069,,0,
N92000002,Northern Ireland,nation,2022-01-02,402069,402069,0,
N92000002,Northern Ireland,nation,2022-01-01,402069,402069,0,
N92000002,Northern Ireland,nation,2021-12-31,402069,402069,7215,
N92000002,Northern Ireland,nation,2021-12-30,394854,402069,4701,1142
N92000002,Northern Ireland,nation,2021-12-29,390153,400927,22972,7741
N92000002,Northern Ireland,nation,2021-12-28,367181,393186,0,8137
N92000002,Northern Ireland,nation,2021-12-27,367181,385049,0,7408
N92000002,Northern Ireland,nation,2021-12-26,367181,377641,0,3472
N92000002,Northern Ireland,nation,2021-12-25,367181,374169,0,2683
N92000002,Northern Ireland,nation,2021-12-24,367181,371486,3286,4524
N92000002,Northern Ireland,nation,2021-12-23,363895,366962,3227,4474
N92000002,Northern Ireland,nation,2021-12-22,360668,362488,3231,4402
N92000002,Northern Ireland,nation,2021-12-21,357437,358086,2096,3740
N92000002,Northern Ireland,nation,2021-12-20,355341,354346,2148,2719
N92000002,Northern Ireland,nation,2021-12-19,353193,351627,1798,2114
N92000002,Northern Ireland,nation,2021-12-18,351395,349513,2075,2007
N92000002,Northern Ireland,nation,2021-12-17,349320,347506,1887,1866
N92000002,Northern Ireland,nation,2021-12-16,347433,345640,2237,2048
N92000002,Northern Ireland,nation,2021-12-15,345196,343592,2156,2243
N92000002,Northern Ireland,nation,2021-12-14,343040,341349,1581,2257
N92000002,Northern Ireland,nation,2021-12-13,341459,339092,1431,1956
N92000002,Northern Ireland,nation,2021-12-12,340028,337136,1548,1429
N92000002,Northern Ireland,nation,2021-12-11,338480,335707,1446,1459
N92000002,Northern Ireland,nation,2021-12-10,337034,334248,1806,1521
N92000002,Northern Ireland,nation,2021-12-09,335228,332727,1819,1752
N92000002,Northern Ireland,nation,2021-12-08,333409,330975,1933,1928
N92000002,Northern Ireland,nation,2021-12-07,331476,329047,1658,1836
N92000002,Northern Ireland,nation,2021-12-06,329818,327211,1635,1918
N92000002,Northern Ireland,nation,2021-12-05,328183,325293,1422,1527
N92000002,Northern Ireland,nation,2021-12-04,326761,323766,1642,1424
N92000002,Northern Ireland,nation,2021-12-03,325119,322342,1908,1619
N92000002,Northern Ireland,nation,2021-12-02,323211,320723,2272,1946
N92000002,Northern Ireland,nation,2021-12-01,320939,318777,1992,2027
N92000002,Northern Ireland,nation,2021-11-30,318947,316750,1585,2012
N92000002,Northern Ireland,nation,2021-11-29,317362,314738,1464,2027
N92000002,Northern Ireland,nation,2021-11-28,315898,312711,1405,1498
N92000002,Northern Ireland,nation,2021-11-27,314493,311213,1482,1380
N92000002,Northern Ireland,nation,2021-11-26,313011,309833,2004,1442
N92000002,Northern Ireland,nation,2021-11-25,311007,308391,1549,1631
N92000002,Northern Ireland,nation,2021-11-24,309458,306760,1931,1684
N92000002,Northern Ireland,nation,2021-11-23,307527,305076,1476,1824
N92000002,Northern Ireland,nation,2021-11-22,306051,303252,1469,1902
N92000002,Northern Ireland,nation,2021-11-21,304582,301350,1406,1455
N92000002,Northern Ireland,nation,2021-11-20,303176,299895,1846,1419
N92000002,Northern Ireland,nation,2021-11-19,301330,298476,1690,1689
N92000002,Northern Ireland,nation,2021-11-18,299640,296787,1681,1726
N92000002,Northern Ireland,nation,2021-11-17,297959,295061,1848,1737
N92000002,Northern Ireland,nation,2021-11-16,296111,293324,1698,1767
N92000002,Northern Ireland,nation,2021-11-15,294413,291557,1457,1900
N92000002,Northern Ireland,nation,2021-11-14,292956,289657,1377,1438
N92000002,Northern Ireland,nation,2021-11-13,291579,288219,1806,1353
N92000002,Northern Ireland,nation,2021-11-12,289773,286866,1087,1328
N92000002,Northern Ireland,nation,2021-11-11,288686,285538,1462,1532
N92000002,Northern Ireland,nation,2021-11-10,287224,284006,1765,1468
N92000002,Northern Ireland,nation,2021-11-09,285459,282538,1228,1611
N92000002,Northern Ireland,nation,2021-11-08,284231,280927,1028,1557
N92000002,Northern Ireland,nation,2021-11-07,283203,279370,1035,997
N92000002,Northern Ireland,nation,2021-11-06,282168,278373,1194,1023
N92000002,Northern Ireland,nation,2021-11-05,280974,277350,1164,1086
N92000002,Northern Ireland,nation,2021-11-04,279810,276264,1481,1196
N92000002,Northern Ireland,nation,2021-11-03,278329,275068,995,1210
N92000002,Northern Ireland,nation,2021-11-02,277334,273858,1114,1195
N92000002,Northern Ireland,nation,2021-11-01,276220,272663,948,1270
N92000002,Northern Ireland,nation,2021-10-31,275272,271393,1001,953
N92000002,Northern Ireland,nation,2021-10-30,274271,270440,1207,984
N92000002,Northern Ireland,nation,2021-10-29,273064,269456,1321,1105
N92000002,Northern Ireland,nation,2021-10-28,271743,268351,1122,1188
N92000002,Northern Ireland,nation,2021-10-27,270621,267163,1291,1258
N92000002,Northern Ireland,nation,2021-10-26,269330,265905,1124,1309
N92000002,Northern Ireland,nation,2021-10-25,268206,264596,1019,1252
N92000002,Northern Ireland,nation,2021-10-24,267187,263344,1061,1049
N92000002,Northern Ireland,nation,2021-10-23,266126,262295,1323,1039
N92000002,Northern Ireland,nation,2021-10-22,264803,261256,1355,1085
N92000002,Northern Ireland,nation,2021-10-21,263448,260171,1051,1182
N92000002,Northern Ireland,nation,2021-10-20,262397,258989,1423,1432
N92000002,Northern Ireland,nation,2021-10-19,260974,257557,1367,1464
N92000002,Northern Ireland,nation,2021-10-18,259607,256093,1091,1459
N92000002,Northern Ireland,nation,2021-10-17,258516,254634,966,1038
N92000002,Northern Ireland,nation,2021-10-16,257550,253596,1218,1018
N92000002,Northern Ireland,nation,2021-10-15,256332,252578,1349,1132
N92000002,Northern Ireland,nation,2021-10-14,254983,251446,1304,1277
N92000002,Northern Ireland,nation,2021-10-13,253679,250169,1471,1318
N92000002,Northern Ireland,nation,2021-10-12,252208,248851,1278,1429
N92000002,Northern Ireland,nation,2021-10-11,250930,247422,1109,1454
N92000002,Northern Ireland,nation,2021-10-10,249821,245968,1115,1148
N92000002,Northern Ireland,nation,2021-10-09,248706,244820,1274,1016
N92000002,Northern Ireland,nation,2021-10-08,247432,243804,1276,1235
N92000002,Northern Ireland,nation,2021-10-07,246156,242569,1305,1294
N92000002,Northern Ireland,nation,2021-10-06,244851,241275,1339,1279
N92000002,Northern Ireland,nation,2021-10-05,243512,239996,1209,1324
N92000002,Northern Ireland,nation,2021-10-04,242303,238672,1080,1374
N92000002,Northern Ireland,nation,2021-10-03,241223,237298,892,1013
N92000002,Northern Ireland,nation,2021-10-02,240331,236285,992,927
N92000002,Northern Ireland,nation,2021-10-01,239339,235358,1039,963
N92000002,Northern Ireland,nation,2021-09-30,238300,234395,1163,1007
N92000002,Northern Ireland,nation,2021-09-29,237137,233388,1320,1190
N92000002,Northern Ireland,nation,2021-09-28,235817,232198,1078,1138
N92000002,Northern Ireland,nation,2021-09-27,234739,231060,903,1370
N92000002,Northern Ireland,nation,2021-09-26,233836,229690,1020,911
N92000002,Northern Ireland,nation,2021-09-25,232816,228779,1120,858
N92000002,Northern Ireland,nation,2021-09-24,231696,227921,1030,980
N92000002,Northern Ireland,nation,2021-09-23,230666,226941,1165,1089
N92000002,Northern Ireland,nation,2021-09-22,229501,225852,1060,1117
N92000002,Northern Ireland,nation,2021-09-21,228441,224735,1145,1234
N92000002,Northern Ireland,nation,2021-09-20,227296,223501,1020,1286
N92000002,Northern Ireland,nation,2021-09-19,226276,222215,889,943
N92000002,Northern Ireland,nation,2021-09-18,225387,221272,1072,935
N92000002,Northern Ireland,nation,2021-09-17,224315,220337,1239,1049
N92000002,Northern Ireland,nation,2021-09-16,223076,219288,1071,1128
N92000002,Northern Ireland,nation,2021-09-15,222005,218160,1304,1205
N92000002,Northern Ireland,nation,2021-09-14,220701,216955,1590,1314
N92000002,Northern Ireland,nation,2021-09-13,219111,215641,1199,1436
N92000002,Northern Ireland,nation,2021-09-12,217912,214205,1031,910
N92000002,Northern Ireland,nation,2021-09-11,216881,213295,1424,1032
N92000002,Northern Ireland,nation,2021-09-10,215457,212263,1687,1436
N92000002,Northern Ireland,nation,2021-09-09,213770,210827,1831,1663
N92000002,Northern Ireland,nation,2021-09-08,211939,209164,1210,1570
N92000002,Northern Ireland,nation,2021-09-07,210729,207594,1748,1709
N92000002,Northern Ireland,nation,2021-09-06,208981,205885,1764,1771
N92000002,Northern Ireland,nation,2021-09-05,207217,204114,1232,1275
N92000002,Northern Ireland,nation,2021-09-04,205985,202839,1812,1241
N92000002,Northern Ireland,nation,2021-09-03,204173,201598,1248,1411
N92000002,Northern Ireland,nation,2021-09-02,202925,200187,793,1423
N92000002,Northern Ireland,nation,2021-09-01,202132,198764,1472,1520
N92000002,Northern Ireland,nation,2021-08-31,200660,197244,1313,1627
N92000002,Northern Ireland,nation,2021-08-30,199347,195617,1259,1448
N92000002,Northern Ireland,nation,2021-08-29,198088,194169,1225,1086
N92000002,Northern Ireland,nation,2021-08-28,196863,193083,1430,1211
N92000002,Northern Ireland,nation,2021-08-27,195433,191872,1875,1470
N92000002,Northern Ireland,nation,2021-08-26,193558,190402,1550,1660
N92000002,Northern Ireland,nation,2021-08-25,192008,188742,1771,1739
N92000002,Northern Ireland,nation,2021-08-24,190237,187003,1648,1708
N92000002,Northern Ireland,nation,2021-08-23,188589,185295,1320,1791
N92000002,Northern Ireland,nation,2021-08-22,187269,183504,1485,1307
N92000002,Northern Ireland,nation,2021-08-21,185784,182197,1612,1510
N92000002,Northern Ireland,nation,2021-08-20,184172,180687,2397,1608
N92000002,Northern Ireland,nation,2021-08-19,181775,179079,1963,1847
N92000002,Northern Ireland,nation,2021-08-18,179812,177232,1345,1807
N92000002,Northern Ireland,nation,2021-08-17,178467,175425,1564,1742
N92000002,Northern Ireland,nation,2021-08-16,176903,173683,1306,1681
N92000002,Northern Ireland,nation,2021-08-15,175597,172002,1294,1342
N92000002,Northern Ireland,nation,2021-08-14,174303,170660,1437,1239
N92000002,Northern Ireland,nation,2021-08-13,172866,169421,1389,1328
N92000002,Northern Ireland,nation,2021-08-12,171477,168093,1610,1394
N92000002,Northern Ireland,nation,2021-08-11,169867,166699,1467,1478
N92000002,Northern Ireland,nation,2021-08-10,168400,165221,1305,1463
N92000002,Northern Ireland,nation,2021-08-09,167095,163758,1031,1440
N92000002,Northern Ireland,nation,2021-08-08,166064,162318,1129,1078
N92000002,Northern Ireland,nation,2021-08-07,164935,161240,1349,1081
N92000002,Northern Ireland,nation,2021-08-06,163586,160159,1434,1263
N92000002,Northern Ireland,nation,2021-08-05,162152,158896,1641,1421
N92000002,Northern Ireland,nation,2021-08-04,160511,157475,1040,1389
N92000002,Northern Ireland,nation,2021-08-03,159471,156086,1082,1286
N92000002,Northern Ireland,nation,2021-08-02,158389,154800,872,1205
N92000002,Northern Ireland,nation,2021-08-01,157517,153595,1072,880
N92000002,Northern Ireland,nation,2021-07-31,156445,152715,1177,892
N92000002,Northern Ireland,nation,2021-07-30,155268,151823,1101,1052
N92000002,Northern Ireland,nation,2021-07-29,154167,150771,1471,1239
N92000002,Northern Ireland,nation,2021-07-28,152696,149532,1600,1318
N92000002,Northern Ireland,nation,2021-07-27,151096,148214,1473,1471
N92000002,Northern Ireland,nation,2021-07-26,149623,146743,639,1312
N92000002,Northern Ireland,nation,2021-07-25,148984,145431,1264,1045
N92000002,Northern Ireland,nation,2021-07-24,147720,144386,1520,1072
N92000002,Northern Ireland,nation,2021-07-23,146200,143314,1337,1286
N92000002,Northern Ireland,nation,2021-07-22,144863,142028,1430,1360
N92000002,Northern Ireland,nation,2021-07-21,143433,140668,1973,1486
N92000002,Northern Ireland,nation,2021-07-20,141460,139182,1138,1509
N92000002,Northern Ireland,nation,2021-07-19,140322,137673,1776,1620
N92000002,Northern Ireland,nation,2021-07-18,138546,136053,537,987
N92000002,Northern Ireland,nation,2021-07-17,138009,135066,1402,1152
N92000002,Northern Ireland,nation,2021-07-16,136607,133914,1380,1376
N92000002,Northern Ireland,nation,2021-07-15,135227,132538,1083,1281
N92000002,Northern Ireland,nation,2021-07-14,134144,131257,636,1106
N92000002,Northern Ireland,nation,2021-07-13,133508,130151,511,864
N92000002,Northern Ireland,nation,2021-07-12,132997,129287,528,505
N92000002,Northern Ireland,nation,2021-07-11,132469,128782,605,485
N92000002,Northern Ireland,nation,2021-07-10,131864,128297,445,474
N92000002,Northern Ireland,nation,2021-07-09,131419,127823,605,589
N92000002,Northern Ireland,nation,2021-07-08,130814,127234,627,623
N92000002,Northern Ireland,nation,2021-07-07,130187,126611,570,618
N92000002,Northern Ireland,nation,2021-07-06,129617,125993,417,530
N92000002,Northern Ireland,nation,2021-07-05,129200,125463,420,499
N92000002,Northern Ireland,nation,2021-07-04,128780,124964,533,378
N92000002,Northern Ireland,nation,2021-07-03,128247,124586,460,347
N92000002,Northern Ireland,nation,2021-07-02,127787,124239,339,383
N92000002,Northern Ireland,nation,2021-07-01,127448,123856,326,421
N92000002,Northern Ireland,nation,2021-06-30,127122,123435,375,412
N92000002,Northern Ireland,nation,2021-06-29,126747,123023,278,394
N92000002,Northern Ireland,nation,2021-06-28,126469,122629,211,310
N92000002,Northern Ireland,nation,2021-06-27,126258,122319,261,200
N92000002,Northern Ireland,nation,2021-06-26,125997,122119,298,245
N92000002,Northern Ireland,nation,2021-06-25,125699,121874,229,257
N92000002,Northern Ireland,nation,2021-06-24,125470,121617,198,222
N92000002,Northern Ireland,nation,2021-06-23,125272,121395,188,201
N92000002,Northern Ireland,nation,2021-06-22,125084,121194,187,201
N92000002,Northern Ireland,nation,2021-06-21,124897,120993,133,186
N92000002,Northern Ireland,nation,2021-06-20,124764,120807,125,127
N92000002,Northern Ireland,nation,2021-06-19,124639,120680,158,117
N92000002,Northern Ireland,nation,2021-06-18,124481,120563,178,137
N92000002,Northern Ireland,nation,2021-06-17,124303,120426,179,181
N92000002,Northern Ireland,nation,2021-06-16,124124,120245,143,157
N92000002,Northern Ireland,nation,2021-06-15,123981,120088,115,153
N92000002,Northern Ireland,nation,2021-06-14,123866,119935,87,130
N92000002,Northern Ireland,nation,2021-06-13,123779,119805,70,75
N92000002,Northern Ireland,nation,2021-06-12,123709,119730,107,67
N92000002,Northern Ireland,nation,2021-06-11,123602,119663,121,106
N92000002,Northern Ireland,nation,2021-06-10,123481,119557,109,124
N92000002,Northern Ireland,nation,2021-06-09,123372,119433,105,95
N92000002,Northern Ireland,nation,2021-06-08,123267,119338,81,100
N92000002,Northern Ireland,nation,2021-06-07,123186,119238,54,85
N92000002,Northern Ireland,nation,2021-06-06,123132,119153,69,47
N92000002,Northern Ireland,nation,2021-06-05,123063,119106,95,78
N92000002,Northern Ireland,nation,2021-06-04,122968,119028,73,72
N92000002,Northern Ireland,nation,2021-06-03,122895,118956,80,86
N92000002,Northern Ireland,nation,2021-06-02,122815,118870,84,87
N92000002,Northern Ireland,nation,2021-06-01,122731,118783,54,70
N92000002,Northern Ireland,nation,2021-05-31,122677,118713,39,57
N92000002,Northern Ireland,nation,2021-05-30,122638,118656,63,36
N92000002,Northern Ireland,nation,2021-05-29,122575,118620,68,59
N92000002,Northern Ireland,nation,2021-05-28,122507,118561,75,72
N92000002,Northern Ireland,nation,2021-05-27,122432,118489,84,86
N92000002,Northern Ireland,nation,2021-05-26,122348,118403,66,74
N92000002,Northern Ireland,nation,2021-05-25,122282,118329,75,60
N92000002,Northern Ireland,nation,2021-05-24,122207,118269,53,81
N92000002,Northern Ireland,nation,2021-05-23,122154,118188,77,53
N92000002,Northern Ireland,nation,2021-05-22,122077,118135,82,63
N92000002,Northern Ireland,nation,2021-05-21,121995,118072,84,76
N92000002,Northern Ireland,nation,2021-05-20,121911,117996,90,82
N92000002,Northern Ireland,nation,2021-05-19,121821,117914,107,95
N92000002,Northern Ireland,nation,2021-05-18,121714,117819,104,103
N92000002,Northern Ireland,nation,2021-05-17,121610,117716,82,106
N92000002,Northern Ireland,nation,2021-05-16,121528,117610,109,67
N92000002,Northern Ireland,nation,2021-05-15,121419,117543,0,63
N92000002,Northern Ireland,nation,2021-05-14,121419,117480,96,58
N92000002,Northern Ireland,nation,2021-05-13,121323,117422,99,86
N92000002,Northern Ireland,nation,2021-05-12,121224,117336,113,99
N92000002,Northern Ireland,nation,2021-05-11,121111,117237,89,102
N92000002,Northern Ireland,nation,2021-05-10,121022,117135,76,108
N92000002,Northern Ireland,nation,2021-05-09,120946,117027,98,77
N92000002,Northern Ireland,nation,2021-05-08,120848,116950,81,91
N92000002,Northern Ireland,nation,2021-05-07,120767,116859,65,80
N92000002,Northern Ireland,nation,2021-05-06,120702,116779,102,74
N92000002,Northern Ireland,nation,2021-05-05,120600,116705,99,86
N92000002,Northern Ireland,nation,2021-05-04,120501,116619,83,107
N92000002,Northern Ireland,nation,2021-05-03,120418,116512,64,86
N92000002,Northern Ireland,nation,2021-05-02,120354,116426,69,62
N92000002,Northern Ireland,nation,2021-05-01,120285,116364,90,68
N92000002,Northern Ireland,nation,2021-04-30,120195,116296,108,87
N92000002,Northern Ireland,nation,2021-04-29,120087,116209,95,92
N92000002,Northern Ireland,nation,2021-04-28,119992,116117,98,100
N92000002,Northern Ireland,nation,2021-04-27,119894,116017,109,106
N92000002,Northern Ireland,nation,2021-04-26,119785,115911,73,100
N92000002,Northern Ireland,nation,2021-04-25,119712,115811,73,75
N92000002,Northern Ireland,nation,2021-04-24,119639,115736,80,72
N92000002,Northern Ireland,nation,2021-04-23,119559,115664,88,75
N92000002,Northern Ireland,nation,2021-04-22,119471,115589,120,80
N92000002,Northern Ireland,nation,2021-04-21,119351,115509,116,112
N92000002,Northern Ireland,nation,2021-04-20,119235,115397,124,125
N92000002,Northern Ireland,nation,2021-04-19,119111,115272,79,133
N92000002,Northern Ireland,nation,2021-04-18,119032,115139,82,72
N92000002,Northern Ireland,nation,2021-04-17,118950,115067,99,88
N92000002,Northern Ireland,nation,2021-04-16,118851,114979,119,98
N92000002,Northern Ireland,nation,2021-04-15,118732,114881,159,117
N92000002,Northern Ireland,nation,2021-04-14,118573,114764,97,162
N92000002,Northern Ireland,nation,2021-04-13,118476,114602,112,98
N92000002,Northern Ireland,nation,2021-04-12,118364,114504,97,111
N92000002,Northern Ireland,nation,2021-04-11,118267,114393,89,92
N92000002,Northern Ireland,nation,2021-04-10,118178,114301,146,89
N92000002,Northern Ireland,nation,2021-04-09,118032,114212,113,126
N92000002,Northern Ireland,nation,2021-04-08,117919,114086,98,130
N92000002,Northern Ireland,nation,2021-04-07,117821,113956,88,108
N92000002,Northern Ireland,nation,2021-04-06,117733,113848,57,91
N92000002,Northern Ireland,nation,2021-04-05,117676,113757,89,61
N92000002,Northern Ireland,nation,2021-04-04,117587,113696,0,38
N92000002,Northern Ireland,nation,2021-04-03,117587,113658,84,53
N92000002,Northern Ireland,nation,2021-04-02,117503,113605,107,79
N92000002,Northern Ireland,nation,2021-04-01,117396,113526,107,96
N92000002,Northern Ireland,nation,2021-03-31,117289,113430,123,118
N92000002,Northern Ireland,nation,2021-03-30,117166,113312,151,105
N92000002,Northern Ireland,nation,2021-03-29,117015,113207,65,131
N92000002,Northern Ireland,nation,2021-03-28,116950,113076,116,92
N92000002,Northern Ireland,nation,2021-03-27,116834,112984,138,119
N92000002,Northern Ireland,nation,2021-03-26,116696,112865,181,138
N92000002,Northern Ireland,nation,2021-03-25,116515,112727,183,177
N92000002,Northern Ireland,nation,2021-03-24,116332,112550,139,168
N92000002,Northern Ireland,nation,2021-03-23,116193,112382,174,144
N92000002,Northern Ireland,nation,2021-03-22,116019,112238,87,172
N92000002,Northern Ireland,nation,2021-03-21,115932,112066,125,113
N92000002,Northern Ireland,nation,2021-03-20,115807,111953,159,123
N92000002,Northern Ireland,nation,2021-03-19,115648,111830,137,132
N92000002,Northern Ireland,nation,2021-03-18,115511,111698,169,176
N92000002,Northern Ireland,nation,2021-03-17,115342,111522,161,138
N92000002,Northern Ireland,nation,2021-03-16,115181,111384,164,176
N92000002,Northern Ireland,nation,2021-03-15,115017,111208,121,175
N92000002,Northern Ireland,nation,2021-03-14,114896,111033,143,112
N92000002,Northern Ireland,nation,2021-03-13,114753,110921,146,135
N92000002,Northern Ireland,nation,2021-03-12,114607,110786,208,178
N92000002,Northern Ireland,nation,2021-03-11,114399,110608,223,186
N92000002,Northern Ireland,nation,2021-03-10,114176,110422,147,193
N92000002,Northern Ireland,nation,2021-03-09,114029,110229,240,176
N92000002,Northern Ireland,nation,2021-03-08,113789,110053,144,224
N92000002,Northern Ireland,nation,2021-03-07,113645,109829,138,161
N92000002,Northern Ireland,nation,2021-03-06,113507,109668,172,143
N92000002,Northern Ireland,nation,2021-03-05,113335,109525,166,149
N92000002,Northern Ireland,nation,2021-03-04,113169,109376,163,170
N92000002,Northern Ireland,nation,2021-03-03,113006,109206,226,164
N92000002,Northern Ireland,nation,2021-03-02,112780,109042,149,213
N92000002,Northern Ireland,nation,2021-03-01,112631,108829,138,190
N92000002,Northern Ireland,nation,2021-02-28,112493,108639,136,125
N92000002,Northern Ireland,nation,2021-02-27,112357,108514,184,156
N92000002,Northern Ireland,nation,2021-02-26,112173,108358,241,176
N92000002,Northern Ireland,nation,2021-02-25,111932,108182,281,245
N92000002,Northern Ireland,nation,2021-02-24,111651,107937,260,270
N92000002,Northern Ireland,nation,2021-02-23,111391,107667,225,252
N92000002,Northern Ireland,nation,2021-02-22,111166,107415,187,253
N92000002,Northern Ireland,nation,2021-02-21,110979,107162,263,182
N92000002,Northern Ireland,nation,2021-02-20,110716,106980,276,230
N92000002,Northern Ireland,nation,2021-02-19,110440,106750,313,295
N92000002,Northern Ireland,nation,2021-02-18,110127,106455,342,271
N92000002,Northern Ireland,nation,2021-02-17,109785,106184,297,332
N92000002,Northern Ireland,nation,2021-02-16,109488,105852,341,306
N92000002,Northern Ireland,nation,2021-02-15,109147,105546,234,372
N92000002,Northern Ireland,nation,2021-02-14,108913,105174,176,244
N92000002,Northern Ireland,nation,2021-02-13,108737,104930,303,185
N92000002,Northern Ireland,nation,2021-02-12,108434,104745,407,270
N92000002,Northern Ireland,nation,2021-02-11,108027,104475,253,283
N92000002,Northern Ireland,nation,2021-02-10,107774,104192,336,338
N92000002,Northern Ireland,nation,2021-02-09,107438,103854,275,322
N92000002,Northern Ireland,nation,2021-02-08,107163,103532,296,361
N92000002,Northern Ireland,nation,2021-02-07,106867,103171,334,274
N92000002,Northern Ireland,nation,2021-02-06,106533,102897,390,304
N92000002,Northern Ireland,nation,2021-02-05,106143,102593,506,425
N92000002,Northern Ireland,nation,2021-02-04,105637,102168,412,391
N92000002,Northern Ireland,nation,2021-02-03,105225,101777,504,462
N92000002,Northern Ireland,nation,2021-02-02,104721,101315,447,438
N92000002,Northern Ireland,nation,2021-02-01,104274,100877,314,501
N92000002,Northern Ireland,nation,2021-01-31,103960,100376,426,384
N92000002,Northern Ireland,nation,2021-01-30,103534,99992,455,394
N92000002,Northern Ireland,nation,2021-01-29,103079,99598,669,515
N92000002,Northern Ireland,nation,2021-01-28,102410,99083,592,504
N92000002,Northern Ireland,nation,2021-01-27,101818,98579,527,605
N92000002,Northern Ireland,nation,2021-01-26,101291,97974,550,612
N92000002,Northern Ireland,nation,2021-01-25,100741,97362,422,615
N92000002,Northern Ireland,nation,2021-01-24,100319,96747,433,435
N92000002,Northern Ireland,nation,2021-01-23,99886,96312,670,460
N92000002,Northern Ireland,nation,2021-01-22,99216,95852,865,594
N92000002,Northern Ireland,nation,2021-01-21,98351,95258,732,734
N92000002,Northern Ireland,nation,2021-01-20,97619,94524,905,755
N92000002,Northern Ireland,nation,2021-01-19,96714,93769,713,845
N92000002,Northern Ireland,nation,2021-01-18,96001,92924,640,888
N92000002,Northern Ireland,nation,2021-01-17,95361,92036,822,596
N92000002,Northern Ireland,nation,2021-01-16,94539,91440,705,680
N92000002,Northern Ireland,nation,2021-01-15,93834,90760,1052,822
N92000002,Northern Ireland,nation,2021-01-14,92782,89938,973,893
N92000002,Northern Ireland,nation,2021-01-13,91809,89045,1145,1020
N92000002,Northern Ireland,nation,2021-01-12,90664,88025,1205,1075
N92000002,Northern Ireland,nation,2021-01-11,89459,86950,759,1233
N92000002,Northern Ireland,nation,2021-01-10,88700,85717,1112,851
N92000002,Northern Ireland,nation,2021-01-09,87588,84866,1442,975
N92000002,Northern Ireland,nation,2021-01-08,86146,83891,1500,1196
N92000002,Northern Ireland,nation,2021-01-07,84646,82695,1410,1198
N92000002,Northern Ireland,nation,2021-01-06,83236,81497,1985,1480
N92000002,Northern Ireland,nation,2021-01-05,81251,80017,1378,1571
N92000002,Northern Ireland,nation,2021-01-04,79873,78446,1801,1947
N92000002,Northern Ireland,nation,2021-01-03,78072,76499,1662,1561
N92000002,Northern Ireland,nation,2021-01-02,76410,74938,3576,1865
N92000002,Northern Ireland,nation,2021-01-01,72834,73073,0,1199
N92000002,Northern Ireland,nation,2020-12-31,72834,71874,1929,1672
N92000002,Northern Ireland,nation,2020-12-30,70905,70202,2143,2153
N92000002,Northern Ireland,nation,2020-12-29,68762,68049,1566,2220
N92000002,Northern Ireland,nation,2020-12-28,67196,65829,1634,1341
N92000002,Northern Ireland,nation,2020-12-27,65562,64488,0,1052
N92000002,Northern Ireland,nation,2020-12-26,65562,63436,998,696
N92000002,Northern Ireland,nation,2020-12-25,64564,62740,0,329
N92000002,Northern Ireland,nation,2020-12-24,64564,62411,841,595
N92000002,Northern Ireland,nation,2020-12-23,63723,61816,787,770
N92000002,Northern Ireland,nation,2020-12-22,62936,61046,439,702
N92000002,Northern Ireland,nation,2020-12-21,62497,60344,555,693
N92000002,Northern Ireland,nation,2020-12-20,61942,59651,505,475
N92000002,Northern Ireland,nation,2020-12-19,61437,59176,640,471
N92000002,Northern Ireland,nation,2020-12-18,60797,58705,510,521
N92000002,Northern Ireland,nation,2020-12-17,60287,58184,656,583
N92000002,Northern Ireland,nation,2020-12-16,59631,57601,510,603
N92000002,Northern Ireland,nation,2020-12-15,59121,56998,486,512
N92000002,Northern Ireland,nation,2020-12-14,58635,56486,419,552
N92000002,Northern Ireland,nation,2020-12-13,58216,55934,483,384
N92000002,Northern Ireland,nation,2020-12-12,57733,55550,476,344
N92000002,Northern Ireland,nation,2020-12-11,57257,55206,538,502
N92000002,Northern Ireland,nation,2020-12-10,56719,54704,441,490
N92000002,Northern Ireland,nation,2020-12-09,56278,54214,483,436
N92000002,Northern Ireland,nation,2020-12-08,55795,53778,351,455
N92000002,Northern Ireland,nation,2020-12-07,55444,53323,397,456
N92000002,Northern Ireland,nation,2020-12-06,55047,52867,419,355
N92000002,Northern Ireland,nation,2020-12-05,54628,52512,451,375
N92000002,Northern Ireland,nation,2020-12-04,54177,52137,449,418
N92000002,Northern Ireland,nation,2020-12-03,53728,51719,456,474
N92000002,Northern Ireland,nation,2020-12-02,53272,51245,416,404
N92000002,Northern Ireland,nation,2020-12-01,52856,50841,391,387
N92000002,Northern Ireland,nation,2020-11-30,52465,50454,290,486
N92000002,Northern Ireland,nation,2020-11-29,52175,49968,351,250
N92000002,Northern Ireland,nation,2020-11-28,51824,49718,315,332
N92000002,Northern Ireland,nation,2020-11-27,51509,49386,391,314
N92000002,Northern Ireland,nation,2020-11-26,51118,49072,442,323
N92000002,Northern Ireland,nation,2020-11-25,50676,48749,533,404
N92000002,Northern Ireland,nation,2020-11-24,50143,48345,79,328
N92000002,Northern Ireland,nation,2020-11-23,50064,48017,280,362
N92000002,Northern Ireland,nation,2020-11-22,49784,47655,342,270
N92000002,Northern Ireland,nation,2020-11-21,49442,47385,357,284
N92000002,Northern Ireland,nation,2020-11-20,49085,47101,369,362
N92000002,Northern Ireland,nation,2020-11-19,48716,46739,487,340
N92000002,Northern Ireland,nation,2020-11-18,48229,46399,518,423
N92000002,Northern Ireland,nation,2020-11-17,47711,45976,549,561
N92000002,Northern Ireland,nation,2020-11-16,47162,45415,331,565
N92000002,Northern Ireland,nation,2020-11-15,46831,44850,472,361
N92000002,Northern Ireland,nation,2020-11-14,46359,44489,511,408
N92000002,Northern Ireland,nation,2020-11-13,45848,44081,607,455
N92000002,Northern Ireland,nation,2020-11-12,45241,43626,548,535
N92000002,Northern Ireland,nation,2020-11-11,44693,43091,791,593
N92000002,Northern Ireland,nation,2020-11-10,43902,42498,514,672
N92000002,Northern Ireland,nation,2020-11-09,43388,41826,471,627
N92000002,Northern Ireland,nation,2020-11-08,42917,41199,420,408
N92000002,Northern Ireland,nation,2020-11-07,42497,40791,528,439
N92000002,Northern Ireland,nation,2020-11-06,41969,40352,595,480
N92000002,Northern Ireland,nation,2020-11-05,41374,39872,516,537
N92000002,Northern Ireland,nation,2020-11-04,40858,39335,679,565
N92000002,Northern Ireland,nation,2020-11-03,40179,38770,570,631
N92000002,Northern Ireland,nation,2020-11-02,39609,38139,493,675
N92000002,Northern Ireland,nation,2020-11-01,39116,37464,685,446
N92000002,Northern Ireland,nation,2020-10-31,38431,37018,649,506
N92000002,Northern Ireland,nation,2020-10-30,37782,36512,566,667
N92000002,Northern Ireland,nation,2020-10-29,37216,35845,822,663
N92000002,Northern Ireland,nation,2020-10-28,36394,35182,840,736
N92000002,Northern Ireland,nation,2020-10-27,35554,34446,722,790
N92000002,Northern Ireland,nation,2020-10-26,34832,33656,727,872
N92000002,Northern Ireland,nation,2020-10-25,34105,32784,896,663
N92000002,Northern Ireland,nation,2020-10-24,33209,32121,923,710
N92000002,Northern Ireland,nation,2020-10-23,32286,31411,1252,839
N92000002,Northern Ireland,nation,2020-10-22,31034,30572,1042,1034
N92000002,Northern Ireland,nation,2020-10-21,29992,29538,1039,1070
N92000002,Northern Ireland,nation,2020-10-20,28953,28468,913,1016
N92000002,Northern Ireland,nation,2020-10-19,28040,27452,820,1004
N92000002,Northern Ireland,nation,2020-10-18,27220,26448,1012,762
N92000002,Northern Ireland,nation,2020-10-17,26208,25686,1031,804
N92000002,Northern Ireland,nation,2020-10-16,25177,24882,1299,928
N92000002,Northern Ireland,nation,2020-10-15,23878,23954,763,1052
N92000002,Northern Ireland,nation,2020-10-14,23115,22902,1217,1015
N92000002,Northern Ireland,nation,2020-10-13,21898,21887,863,1047
N92000002,Northern Ireland,nation,2020-10-12,21035,20840,877,1054
N92000002,Northern Ireland,nation,2020-10-11,20158,19786,1066,787
N92000002,Northern Ireland,nation,2020-10-10,19092,18999,902,762
N92000002,Northern Ireland,nation,2020-10-09,18190,18237,1080,797
N92000002,Northern Ireland,nation,2020-10-08,17110,17440,923,924
N92000002,Northern Ireland,nation,2020-10-07,16187,16516,828,977
N92000002,Northern Ireland,nation,2020-10-06,15359,15539,669,772
N92000002,Northern Ireland,nation,2020-10-05,14690,14767,616,676
N92000002,Northern Ireland,nation,2020-10-04,14074,14091,462,580
N92000002,Northern Ireland,nation,2020-10-03,13612,13511,726,585
N92000002,Northern Ireland,nation,2020-10-02,12886,12926,934,666
N92000002,Northern Ireland,nation,2020-10-01,11952,12260,259,454
N92000002,Northern Ireland,nation,2020-09-30,11693,11806,424,608
N92000002,Northern Ireland,nation,2020-09-29,11269,11198,320,374
N92000002,Northern Ireland,nation,2020-09-28,10949,10824,220,284
N92000002,Northern Ireland,nation,2020-09-27,10729,10540,187,257
N92000002,Northern Ireland,nation,2020-09-26,10542,10283,319,251
N92000002,Northern Ireland,nation,2020-09-25,10223,10032,273,222
N92000002,Northern Ireland,nation,2020-09-24,9950,9810,189,267
N92000002,Northern Ireland,nation,2020-09-23,9761,9543,220,212
N92000002,Northern Ireland,nation,2020-09-22,9541,9331,75,163
N92000002,Northern Ireland,nation,2020-09-21,9466,9168,125,129
N92000002,Northern Ireland,nation,2020-09-20,9341,9039,176,116
N92000002,Northern Ireland,nation,2020-09-19,9165,8923,222,153
N92000002,Northern Ireland,nation,2020-09-18,8943,8770,163,155
N92000002,Northern Ireland,nation,2020-09-17,8780,8615,149,157
N92000002,Northern Ireland,nation,2020-09-16,8631,8458,129,124
N92000002,Northern Ireland,nation,2020-09-15,8502,8334,79,106
N92000002,Northern Ireland,nation,2020-09-14,8423,8228,109,111
N92000002,Northern Ireland,nation,2020-09-13,8314,8117,87,90
N92000002,Northern Ireland,nation,2020-09-12,8227,8027,104,98
N92000002,Northern Ireland,nation,2020-09-11,8123,7929,88,71
N92000002,Northern Ireland,nation,2020-09-10,8035,7858,78,74
N92000002,Northern Ireland,nation,2020-09-09,7957,7784,49,96
N92000002,Northern Ireland,nation,2020-09-08,7908,7688,40,55
N92000002,Northern Ireland,nation,2020-09-07,7868,7633,141,71
N92000002,Northern Ireland,nation,2020-09-06,7727,7562,106,91
N92000002,Northern Ireland,nation,2020-09-05,7621,7471,118,86
N92000002,Northern Ireland,nation,2020-09-04,7503,7385,61,121
N92000002,Northern Ireland,nation,2020-09-03,7442,7264,77,104
N92000002,Northern Ireland,nation,2020-09-02,7365,7160,71,88
N92000002,Northern Ireland,nation,2020-09-01,7294,7072,49,60
N92000002,Northern Ireland,nation,2020-08-31,7245,7012,58,51
N92000002,Northern Ireland,nation,2020-08-30,7187,6961,49,35
N92000002,Northern Ireland,nation,2020-08-29,7138,6926,89,39
N92000002,Northern Ireland,nation,2020-08-28,7049,6887,85,81
N92000002,Northern Ireland,nation,2020-08-27,6964,6806,69,70
N92000002,Northern Ireland,nation,2020-08-26,6895,6736,72,68
N92000002,Northern Ireland,nation,2020-08-25,6823,6668,47,61
N92000002,Northern Ireland,nation,2020-08-24,6776,6607,10,44
N92000002,Northern Ireland,nation,2020-08-23,6766,6563,119,44
N92000002,Northern Ireland,nation,2020-08-22,6647,6519,71,42
N92000002,Northern Ireland,nation,2020-08-21,6576,6477,20,76
N92000002,Northern Ireland,nation,2020-08-20,6556,6401,51,68
N92000002,Northern Ireland,nation,2020-08-19,6505,6333,34,38
N92000002,Northern Ireland,nation,2020-08-18,6471,6295,41,41
N92000002,Northern Ireland,nation,2020-08-17,6430,6254,39,50
N92000002,Northern Ireland,nation,2020-08-16,6391,6204,27,20
N92000002,Northern Ireland,nation,2020-08-15,6364,6184,65,21
N92000002,Northern Ireland,nation,2020-08-14,6299,6163,74,54
N92000002,Northern Ireland,nation,2020-08-13,6225,6109,8,49
N92000002,Northern Ireland,nation,2020-08-12,6217,6060,29,38
N92000002,Northern Ireland,nation,2020-08-11,6188,6022,48,36
N92000002,Northern Ireland,nation,2020-08-10,6140,5986,0,42
N92000002,Northern Ireland,nation,2020-08-09,6064,5944,0,25
N92000002,Northern Ireland,nation,2020-08-08,6064,5919,0,26
N92000002,Northern Ireland,nation,2020-08-07,6064,5893,15,16
N92000002,Northern Ireland,nation,2020-08-06,6049,5877,43,17
N92000002,Northern Ireland,nation,2020-08-05,6006,5860,10,29
N92000002,Northern Ireland,nation,2020-08-04,5996,5831,8,17
N92000002,Northern Ireland,nation,2020-08-03,5988,5814,0,18
N92000002,Northern Ireland,nation,2020-08-02,5948,5796,0,8
N92000002,Northern Ireland,nation,2020-08-01,5948,5788,0,10
N92000002,Northern Ireland,nation,2020-07-31,5948,5778,10,12
N92000002,Northern Ireland,nation,2020-07-30,5938,5766,8,10
N92000002,Northern Ireland,nation,2020-07-29,5930,5756,9,9
N92000002,Northern Ireland,nation,2020-07-28,5921,5747,9,13
N92000002,Northern Ireland,nation,2020-07-27,5912,5734,0,10
N92000002,Northern Ireland,nation,2020-07-26,5891,5724,0,1
N92000002,Northern Ireland,nation,2020-07-25,5891,5723,0,4
N92000002,Northern Ireland,nation,2020-07-24,5891,5719,15,13
N92000002,Northern Ireland,nation,2020-07-23,5876,5706,8,12
N92000002,Northern Ireland,nation,2020-07-22,5868,5694,9,8
N92000002,Northern Ireland,nation,2020-07-21,5859,5686,2,12
N92000002,Northern Ireland,nation,2020-07-20,5857,5674,0,3
N92000002,Northern Ireland,nation,2020-07-19,5834,5671,0,3
N92000002,Northern Ireland,nation,2020-07-18,5834,5668,0,6
N92000002,Northern Ireland,nation,2020-07-17,5834,5662,19,8
N92000002,Northern Ireland,nation,2020-07-16,5815,5654,16,19
N92000002,Northern Ireland,nation,2020-07-15,5799,5635,9,15
N92000002,Northern Ireland,nation,2020-07-14,5790,5620,2,7
N92000002,Northern Ireland,nation,2020-07-13,5788,5613,0,3
N92000002,Northern Ireland,nation,2020-07-12,5772,5610,0,4
N92000002,Northern Ireland,nation,2020-07-11,5772,5606,0,6
N92000002,Northern Ireland,nation,2020-07-10,5772,5600,4,4
N92000002,Northern Ireland,nation,2020-07-09,5768,5596,3,5
N92000002,Northern Ireland,nation,2020-07-08,5765,5591,4,6
N92000002,Northern Ireland,nation,2020-07-07,5761,5585,5,4
N92000002,Northern Ireland,nation,2020-07-06,5756,5581,0,7
N92000002,Northern Ireland,nation,2020-07-05,5747,5574,0,2
N92000002,Northern Ireland,nation,2020-07-04,5747,5572,0,1
N92000002,Northern Ireland,nation,2020-07-03,5747,5571,4,8
N92000002,Northern Ireland,nation,2020-07-02,5768,5563,7,3
N92000002,Northern Ireland,nation,2020-07-01,5761,5560,1,4
N92000002,Northern Ireland,nation,2020-06-30,5760,5556,3,2
N92000002,Northern Ireland,nation,2020-06-29,5757,5554,6,4
N92000002,Northern Ireland,nation,2020-06-28,5751,5550,1,5
N92000002,Northern Ireland,nation,2020-06-27,5750,5545,2,4
N92000002,Northern Ireland,nation,2020-06-26,5748,5541,4,3
N92000002,Northern Ireland,nation,2020-06-25,4874,5538,1,4
N92000002,Northern Ireland,nation,2020-06-24,4873,5534,2,4
N92000002,Northern Ireland,nation,2020-06-23,4871,5530,0,8
N92000002,Northern Ireland,nation,2020-06-22,4871,5522,1,4
N92000002,Northern Ireland,nation,2020-06-21,4870,5518,4,3
N92000002,Northern Ireland,nation,2020-06-20,4866,5515,0,5
N92000002,Northern Ireland,nation,2020-06-19,4866,5510,3,12
N92000002,Northern Ireland,nation,2020-06-18,4863,5498,1,7
N92000002,Northern Ireland,nation,2020-06-17,4862,5491,8,5
N92000002,Northern Ireland,nation,2020-06-16,4854,5486,2,11
N92000002,Northern Ireland,nation,2020-06-15,4852,5475,4,19
N92000002,Northern Ireland,nation,2020-06-14,4848,5456,7,8
N92000002,Northern Ireland,nation,2020-06-13,4841,5448,3,10
N92000002,Northern Ireland,nation,2020-06-12,4838,5438,16,10
N92000002,Northern Ireland,nation,2020-06-11,4822,5428,4,10
N92000002,Northern Ireland,nation,2020-06-10,4818,5418,13,16
N92000002,Northern Ireland,nation,2020-06-09,4805,5402,3,11
N92000002,Northern Ireland,nation,2020-06-08,4802,5391,6,13
N92000002,Northern Ireland,nation,2020-06-07,4796,5378,6,4
N92000002,Northern Ireland,nation,2020-06-06,4790,5374,14,8
N92000002,Northern Ireland,nation,2020-06-05,4776,5366,3,23
N92000002,Northern Ireland,nation,2020-06-04,4773,5343,33,11
N92000002,Northern Ireland,nation,2020-06-03,4740,5332,8,11
N92000002,Northern Ireland,nation,2020-06-02,4732,5321,4,20
N92000002,Northern Ireland,nation,2020-06-01,4728,5301,12,22
N92000002,Northern Ireland,nation,2020-05-31,4716,5279,7,25
N92000002,Northern Ireland,nation,2020-05-30,4709,5254,13,12
N92000002,Northern Ireland,nation,2020-05-29,4696,5242,17,20
N92000002,Northern Ireland,nation,2020-05-28,4679,5222,16,27
N92000002,Northern Ireland,nation,2020-05-27,4663,5195,26,32
N92000002,Northern Ireland,nation,2020-05-26,4637,5163,28,26
N92000002,Northern Ireland,nation,2020-05-25,4609,5137,39,38
N92000002,Northern Ireland,nation,2020-05-24,4570,5099,25,27
N92000002,Northern Ireland,nation,2020-05-23,4545,5072,41,53
N92000002,Northern Ireland,nation,2020-05-22,4504,5019,23,33
N92000002,Northern Ireland,nation,2020-05-21,4481,4986,42,56
N92000002,Northern Ireland,nation,2020-05-20,4439,4930,18,71
N92000002,Northern Ireland,nation,2020-05-19,4421,4859,20,68
N92000002,Northern Ireland,nation,2020-05-18,4401,4791,16,60
N92000002,Northern Ireland,nation,2020-05-17,4385,4731,28,35
N92000002,Northern Ireland,nation,2020-05-16,4357,4696,40,39
N92000002,Northern Ireland,nation,2020-05-15,4317,4657,26,63
N92000002,Northern Ireland,nation,2020-05-14,4291,4594,38,71
N92000002,Northern Ireland,nation,2020-05-13,4253,4523,60,73
N92000002,Northern Ireland,nation,2020-05-12,4193,4450,44,88
N92000002,Northern Ireland,nation,2020-05-11,4149,4362,30,74
N92000002,Northern Ireland,nation,2020-05-10,4119,4288,41,58
N92000002,Northern Ireland,nation,2020-05-09,4078,4230,56,53
N92000002,Northern Ireland,nation,2020-05-08,4022,4177,38,71
N92000002,Northern Ireland,nation,2020-05-07,3984,4106,50,96
N92000002,Northern Ireland,nation,2020-05-06,3934,4010,53,79
N92000002,Northern Ireland,nation,2020-05-05,3881,3931,45,69
N92000002,Northern Ireland,nation,2020-05-04,3836,3862,69,72
N92000002,Northern Ireland,nation,2020-05-03,3767,3790,78,51
N92000002,Northern Ireland,nation,2020-05-02,3689,3739,66,87
N92000002,Northern Ireland,nation,2020-05-01,3623,3652,87,95
N92000002,Northern Ireland,nation,2020-04-30,3536,3557,73,114
N92000002,Northern Ireland,nation,2020-04-29,3463,3443,55,90
N92000002,Northern Ireland,nation,2020-04-28,3408,3353,34,71
N92000002,Northern Ireland,nation,2020-04-27,3374,3282,66,70
N92000002,Northern Ireland,nation,2020-04-26,3308,3212,82,44
N92000002,Northern Ireland,nation,2020-04-25,3226,3168,104,52
N92000002,Northern Ireland,nation,2020-04-24,3122,3116,106,82
N92000002,Northern Ireland,nation,2020-04-23,3016,3034,142,72
N92000002,Northern Ireland,nation,2020-04-22,2874,2962,116,95
N92000002,Northern Ireland,nation,2020-04-21,2758,2867,30,129
N92000002,Northern Ireland,nation,2020-04-20,2728,2738,83,112
N92000002,Northern Ireland,nation,2020-04-19,2645,2626,159,41
N92000002,Northern Ireland,nation,2020-04-18,2486,2585,148,84
N92000002,Northern Ireland,nation,2020-04-17,2338,2501,137,154
N92000002,Northern Ireland,nation,2020-04-16,2201,2347,113,137
N92000002,Northern Ireland,nation,2020-04-15,2088,2210,121,132
N92000002,Northern Ireland,nation,2020-04-14,1967,2078,85,94
N92000002,Northern Ireland,nation,2020-04-13,1882,1984,76,106
N92000002,Northern Ireland,nation,2020-04-12,1806,1878,89,73
N92000002,Northern Ireland,nation,2020-04-11,1717,1805,128,66
N92000002,Northern Ireland,nation,2020-04-10,1589,1739,112,94
N92000002,Northern Ireland,nation,2020-04-09,1477,1645,138,97
N92000002,Northern Ireland,nation,2020-04-08,1339,1548,84,101
N92000002,Northern Ireland,nation,2020-04-07,1255,1447,97,129
N92000002,Northern Ireland,nation,2020-04-06,1158,1318,69,104
N92000002,Northern Ireland,nation,2020-04-05,1089,1214,91,60
N92000002,Northern Ireland,nation,2020-04-04,998,1154,94,85
N92000002,Northern Ireland,nation,2020-04-03,904,1069,130,101
N92000002,Northern Ireland,nation,2020-04-02,774,968,85,104
N92000002,Northern Ireland,nation,2020-04-01,689,864,103,100
N92000002,Northern Ireland,nation,2020-03-31,586,764,53,110
N92000002,Northern Ireland,nation,2020-03-30,533,654,123,82
N92000002,Northern Ireland,nation,2020-03-29,410,572,86,61
N92000002,Northern Ireland,nation,2020-03-28,324,511,49,75
N92000002,Northern Ireland,nation,2020-03-27,275,436,34,67
N92000002,Northern Ireland,nation,2020-03-26,241,369,32,76
N92000002,Northern Ireland,nation,2020-03-25,209,293,37,56
N92000002,Northern Ireland,nation,2020-03-24,172,237,24,40
N92000002,Northern Ireland,nation,2020-03-23,148,197,20,41
N92000002,Northern Ireland,nation,2020-03-22,128,156,20,18
N92000002,Northern Ireland,nation,2020-03-21,108,138,22,20
N92000002,Northern Ireland,nation,2020-03-20,86,118,9,17
N92000002,Northern Ireland,nation,2020-03-19,77,101,9,14
N92000002,Northern Ireland,nation,2020-03-18,68,87,6,13
N92000002,Northern Ireland,nation,2020-03-17,62,74,10,8
N92000002,Northern Ireland,nation,2020-03-16,52,66,7,8
N92000002,Northern Ireland,nation,2020-03-15,45,58,11,2
N92000002,Northern Ireland,nation,2020-03-14,34,56,5,10
N92000002,Northern Ireland,nation,2020-03-13,29,46,10,11
N92000002,Northern Ireland,nation,2020-03-12,19,35,1,4
N92000002,Northern Ireland,nation,2020-03-11,18,31,2,11
N92000002,Northern Ireland,nation,2020-03-10,16,20,0,5
N92000002,Northern Ireland,nation,2020-03-09,12,15,3,3
N92000002,Northern Ireland,nation,2020-03-08,9,12,5,3
N92000002,Northern Ireland,nation,2020-03-07,4,9,2,5
N92000002,Northern Ireland,nation,2020-03-06,2,4,2,2
N92000002,Northern Ireland,nation,2020-03-05,,2,,2
